Model,R2,RMSE
Linear Regression,0.6608465538086037,0.6672931143607286
Decision Tree (Tuned),0.7112331177629403,0.6157326996837217
